Gain,SR560m Expected Output Noise (V/rtHz),SR560m Measured Output Noise (V/rtHz)
100,4.000E-09,5.170201E-07
200,4.000E-09,2.592799E-07
500,4.000E-09,1.240062E-07
1000,4.000E-09,5.618706E-08
2000,4.000E-09,2.444507E-08
5000,4.000E-09,1.692267E-08
10000,4.000E-09,1.358721E-08
20000,4.000E-09,1.260379E-08
50000,4.000E-09,1.139807E-08
