Gain,SR560m Expected Output Noise (V/rtHz),SR560m Measured Output Noise (V/rtHz)
100,4.000E-07,5.170201E-05
200,8.000E-07,5.185597E-05
500,2.000E-06,6.200312E-05
1000,4.000E-06,5.618706E-05
2000,8.000E-06,4.889014E-05
5000,2.000E-05,8.461334E-05
10000,4.000E-05,1.358721E-04
20000,8.000E-05,2.520758E-04
50000,2.000E-04,5.699037E-04
