Gain,SR560m Expected Noise (V/rtHz),SR560m Measured Noise (V/rtHz)
100,4.000E-07,5.347624E-06
200,8.000E-07,6.119258E-06
500,2.000E-06,7.845357E-06
1000,4.000E-06,1.576089E-05
2000,8.000E-06,2.703074E-05
5000,2.000E-05,6.841656E-05
10000,4.000E-05,1.326017E-04
20000,8.000E-05,2.437697E-04
50000,2.000E-04,5.545246E-04
