Gain,SR560m Expected Output Noise (V/rtHz),SR560m Measured Output Noise (V/rtHz)
100,4.000E-09,5.347624E-08
200,4.000E-09,3.059629E-08
500,4.000E-09,1.569071E-08
1000,4.000E-09,1.576089E-08
2000,4.000E-09,1.351537E-08
5000,4.000E-09,1.368331E-08
10000,4.000E-09,1.326017E-08
20000,4.000E-09,1.218849E-08
50000,4.000E-09,1.109049E-08
